model,label,rows,wis,mae,bias
xgb_quantile,XGB quantile,520,33.06793475475388,38.89164492103916,-34.27722390655141
xgb_quantile_log1p,XGB log1p,520,33.96613929136682,39.63329779385374,-38.61110104626188
xgb_residual,XGB residual,520,35.58653794537491,39.77402089693925,-36.81244363724634
baseline,Baseline (mediana histórica),520,38.4844292774733,40.44519230769231,-39.18942307692308
