model,label,rows,wis,mae,bias
xgb_quantile_log1p,XGB log1p,1352,59.294966566005165,97.65279692182175,-53.70157372545914
xgb_quantile,XGB quantile,1352,62.612778150739416,114.8768158547977,-2.5023701843425368
3rd_imdc_emap_lstm,LSTM EMAp,1352,79.47663231139074,128.96417557830978,5.211840596468817
baseline,Baseline (mediana histórica),1352,79.82764373772827,96.08431952662721,-72.57174556213018
xgb_residual,XGB residual,1352,93.99141111067667,109.64729699102558,-37.62599471145352
