feature,vif
macroregional_cases_roll_max_4,1293.1162698194166
macroregional_cases_lag_4,1026.1633220305418
regional_cases_max_lag_1,66.09035584593263
uf_cases_max_lag_1,30.668553520807535
uf_incidence_max_lag_1,27.2229783082342
uf_cases_max_lag_52,19.31372888815005
rel_humid_med_lag_2,8.230593037206093
regional_incidence_max_lag_52,8.2235851913651
