,uf_cases_max_lag_1,uf_incidence_max_lag_1,macroregional_cases_roll_max_4,rel_humid_med_lag_2,regional_incidence_max_lag_52,regional_cases_max_lag_1,uf_cases_max_lag_52,macroregional_cases_lag_4
uf_cases_max_lag_1,1.0,0.8322876225964664,0.4171641078902864,-0.83705321335622,0.7075671939906272,0.7917008546996878,0.6300609584488617,0.1469269778626588
uf_incidence_max_lag_1,0.8322876225964664,1.0,0.34082375505749435,-0.515806900600078,0.41859572800179806,0.7245702395063731,0.2495349970589135,0.03882845359259286
macroregional_cases_roll_max_4,0.4171641078902864,0.34082375505749435,1.0,-0.5369578642328571,0.21360362229828478,0.5710604558219977,0.34643496288492337,0.9410507109725805
rel_humid_med_lag_2,-0.83705321335622,-0.515806900600078,-0.5369578642328571,1.0,-0.7094756273853837,-0.6151614145599378,-0.6778704318076157,-0.3750649643391207
regional_incidence_max_lag_52,0.7075671939906272,0.41859572800179806,0.21360362229828478,-0.7094756273853837,1.0,0.36920619703806706,0.8165564280975026,0.09396931491767174
regional_cases_max_lag_1,0.7917008546996878,0.7245702395063731,0.5710604558219977,-0.6151614145599378,0.36920619703806706,1.0,0.3776119684765918,0.2840478558472757
uf_cases_max_lag_52,0.6300609584488617,0.2495349970589135,0.34643496288492337,-0.6778704318076157,0.8165564280975026,0.3776119684765918,1.0,0.29922864769214563
macroregional_cases_lag_4,0.1469269778626588,0.03882845359259286,0.9410507109725805,-0.3750649643391207,0.09396931491767174,0.2840478558472757,0.29922864769214563,1.0
