feature,vif
temp_last_month,11.527111707099634
temp_med_lag_2,9.535123831587137
temp_last_year,2.474057891209163
mapbiomas_land_use_diversity,1.8218717364479269
