model,label,rows,wis,mae,bias
3rd_imdc_emap_lstm,LSTM EMAp,1352,386.8151521863386,731.6306193708351,-316.6141304133342
xgb_residual,XGB residual,1352,427.2257851721903,904.0010189618965,-686.961741498203
baseline,Baseline (mediana histórica),1352,612.8170020089664,937.123150887574,-837.0883875739645
xgb_quantile,XGB quantile,1352,755.711761469799,993.3557532877612,-633.6621522240384
xgb_quantile_log1p,XGB log1p,1352,808.5993989125668,1037.7922387779113,-931.1287188438268
