model,label,rows,wis,mae,bias
xgb_residual,XGB residual,780,107.85319924377852,152.77334058753343,-113.13729010692728
xgb_quantile,XGB quantile,780,113.76120092144218,147.23674698013525,-126.705315358058
3rd_imdc_emap_lstm,LSTM EMAp,780,117.228338483794,180.96620708263802,-160.2050580359498
xgb_quantile_log1p,XGB log1p,780,126.71297033501942,177.62165396091265,-174.11770960000845
baseline,Baseline (mediana histórica),780,136.51395133360242,175.46730769230768,-173.49935897435898
