,mapbiomas_land_use_diversity,temp_last_year,temp_last_month,temp_med_lag_2
mapbiomas_land_use_diversity,1.0,-0.6309071864524833,-0.6016641796981257,-0.579971004439027
temp_last_year,-0.6309071864524833,1.0,0.718874462076251,0.6385935226332651
temp_last_month,-0.6016641796981257,0.718874462076251,1.0,0.9436055638156141
temp_med_lag_2,-0.579971004439027,0.6385935226332651,0.9436055638156141,1.0
